crop_type,mean_ndvi_before,mean_ndvi_after,n_parcels
soybean,0.17062195121951224,0.3108947368421051,4
sugarcane,0.17834050179211472,0.33624166666666644,19
wheat,0.1761372549019608,0.3135,2
